USE dbacademychi;

INSERT INTO User (IdUser, UserName, BirthDate, CPF, RG, UserPassword)
VALUES
(1, 'John Doe', '1990-05-15', 12345678901, 987654321, 'password123'),
(2, 'Jane Smith', '1985-08-22', 23456789012, 876543210, 'testpass'),
(3, 'Adam Smith', '1985-08-22', 23456789015, 876543210, 'testpass'),
(4, 'Eve Smith', '1985-08-22', 23456789016, 876543210, 'testpass');
(5,'Leandro Silva','1980-05-16',30974178635,783604815,'6194835727'),
(6,'Daniel Rocha','1986-04-26',75456529295,636765486,'12576088216'),
(7,'Isabela Rocha','1987-07-24',77671196727,291104930,'11095885247'),
(8,'Juliana Silva','1992-01-23',56800264361,207987839,'7100033045'),
(9,'Gabriela Martins','1982-01-06',36932253508,318495440,'4103583723'),
(10,'Daniel Oliveira','1982-10-07',59936589776,650356995,'5993658978'),
(11,'Ana Pereira','1981-09-27',48199463612,444722672,'4381769419'),
(12,'Eduardo Rodrigues','1987-04-06',24813424130,389278208,'2067785344'),
(13,'Renato Fernandes','1993-11-13',49189945167,664463899,'3783841936'),
(14,'Matheus Pereira','2002-07-08',22808963690,543452357,'1629211692'),
(15,'Carlos Pereira','1983-07-08',92216530147,356752582,'6147768676'),
(16,'Fernanda Lima','1991-03-13',40010733194,337545994,'2500670825'),
(17,'Vinícius Martins','2005-02-15',66451774324,863412609,'3908927901'),
(18,'Letícia Souza','1980-07-17',27349056821,621129709,'1519392046'),
(19,'Eduardo Almeida','1987-10-02',87776386758,612126186,'4619809829'),
(20,'Camila Pereira','1994-03-23',43297604519,578464910,'2164880226'),
(21,'André Mendes','1994-04-19',55586403263,897481237,'2646971584'),
(22,'Marcos Silva','1989-10-19',51470176701,329583260,'2339553486'),
(23,'Camila Costa','1986-07-07',88684280297,281140329,'3855838274'),
(24,'Renato Rocha','1986-03-09',59670382442,354584135,'2486265935'),
(25,'Eduardo Souza','1982-11-06',54384885746,380994861,'2175395430'),
(26,'Lucas Sousa','1996-04-27',82321803397,242250761,'3166223208'),
(27,'Vanessa Beatriz','1994-07-09',43792955487,742380328,'1621961314'),
(28,'Luana Almeida','1999-08-20',83494111299,908027942,'2981932546'),
(29,'Marcos Rodrigues','1986-01-13',54505496830,323516089,'1879499891'),
(30,'Letícia Souza','1982-06-20',72213027540,367578439,'2407100918'),
(31,'Amanda Pereira','1999-07-10',85986038817,920127557,'2773743188'),
(32,'Thiago Rocha','1993-12-18',21197915336,568514866,'662434854'),
(33,'Lucas Mendes','1986-11-17',59580752347,535243741,'1805477344'),
(34,'Felipe Rocha','2005-05-20',65863776912,787550916,'1937169909'),
(35,'Gabriela Costa','1993-08-26',26096025538,627071895,'745600730'),
(36,'Lucas Santos','1981-11-26',21387350319,766870271,'594093064'),
(37,'Lucas Costa','2000-12-21',86847379716,765857949,'2347226479'),
(38,'Beatriz Mendes','1993-06-15',40754967358,504594237,'1072499141'),
(39,'Carlos Lima','2005-04-27',12440415101,382141604,'318985003'),
(40,'Marina Silva','1989-08-15',67209758879,814295532,'1680243972'),
(41,'Bruno Costa','2001-03-17',84700737476,571488981,'2065871646'),
(42,'Juliana Almeida','1981-04-11',21766078569,490374297,'518239966'),
(43,'Ana Mendes','1998-02-15',69832873750,404282387,'1624020320'),
(44,'Camila Rocha','1981-06-02',66509761547,297180294,'1511585490'),
(45,'Eduardo Fernandes','1985-05-10',32707766823,219443005,'726839263'),
(46,'Gustavo Pereira','1980-03-15',77385273960,256971337,'1682288564'),
(47,'Rafael Santos','1990-02-21',39366715342,405410378,'837589688'),
(48,'Rafael Rodrigues','1982-09-10',65931554480,476239912,'1373574052'),
(49,'Marcos Fernandes','1984-12-11',56412719501,347730180,'1151279990'),
(50,'Gustavo Costa','2001-02-13',82084113941,222628129,'1641682279'),
(51,'Bruno Alves','1986-11-09',66022482337,859526911,'1294558477'),
(52,'Letícia Almeida','1986-09-11',67689552195,174188619,'1301722158'),
(53,'Ana Pereira','2000-10-08',78818262505,923196083,'1487137028'),
(54,'Beatriz Rocha','2003-11-19',84696950617,504636128,'1568462048'),
(55,'Fernanda Almeida','1994-02-17',56131636757,688813261,'1020575214'),
(56,'Gustavo Oliveira','1995-08-28',40017334462,672343154,'714595258'),
(57,'Marina Oliveira','1997-05-21',25378625091,817744103,'445239037'),
(58,'Rafael Silva','1986-10-01',58126706728,816473590,'1002184599'),
(59,'Carlos Santos','1990-10-12',45324216475,913172700,'768207059'),
(60,'Felipe Rocha','1984-06-21',67868167570,908826797,'1131136126'),
(61,'Eduardo Lima','1991-06-06',34477002642,662186136,'565196765'),
(62,'Renato Rocha','1981-11-22',32661663818,869669442,'526801029'),
(63,'Raquel Costa','2004-12-14',30384184843,573964121,'482288648'),
(64,'Marcos Martins','2000-02-11',47673439905,743769195,'744897499'),
(65,'Luana Silva','1999-12-25',67225143433,707618178,'1034232976'),
(66,'Thiago Santos','1999-04-27',71383197954,176223436,'1081563605'),
(67,'Thiago Costa','2004-12-13',91415483323,669966429,'1364410199'),
(68,'Marina Rocha','1992-09-12',30599284561,814053973,'449989479'),
(69,'Larissa Rocha','1984-03-20',37348657255,415700576,'541284888'),
(70,'Mariana Mendes','1986-10-21',17853393909,915161109,'255048484'),
(71,'Juliana Costa','1984-02-22',44928103438,586683724,'632790189'),
(72,'Vinícius Martins','2003-02-03',78467526633,800083752,'1089826759'),
(73,'Eduardo Costa','1993-02-07',14958954158,797650737,'204917180'),
(74,'Amanda Oliveira','1998-09-18',70629235410,228241572,'954449127'),
(75,'Carolina Rodrigues','1993-10-15',17313021436,752622467,'230840286'),
(76,'Thiago Pereira','1983-01-02',60173775143,692542730,'791760199'),
(77,'Vanessa Martins','1984-10-19',53267758488,728599946,'691789071'),
(78,'Camila Fernandes','2001-09-26',30617640156,512233498,'392533848'),
(79,'Gustavo Rodrigues','1999-02-21',86102051337,466691846,'1089899384'),
(80,'Gabriela Rocha','1995-10-18',63803762612,347372509,'797547033'),
(81,'Mariana Fernandes','1991-11-16',70096947087,860503828,'865394408'),
(82,'André Costa','1990-07-16',19921307958,384883662,'242942780'),
(83,'Vinícius Santos','2005-02-18',82632213790,249477663,'995568841'),
(84,'Larissa Souza','1992-04-25',48353338547,186600870,'575634983'),
(85,'Letícia Lima','2001-12-13',79467025523,253228805,'934906183'),
(86,'Ricardo Mendes','1984-09-28',39451869778,500539006,'458742672'),
(87,'Daniel Pereira','1986-04-26',62885176087,537521733,'722818116'),
(88,'Mariana Mendes','1999-08-15',23748955583,818183886,'269874495'),
(89,'Carlos Costa','1995-02-04',72276809299,567795246,'812098981'),
(90,'Raquel Fernandes','1982-04-13',41356672573,411935500,'459518584'),
(91,'Larissa Oliveira','2005-07-18',81581565748,350188882,'896500723'),
(92,'Gustavo Costa','1988-11-26',62667651830,278875617,'681170129'),
(93,'Juliana Pereira','1997-06-23',68368180488,290307908,'735141726'),
(94,'Gustavo Martins','2001-05-23',14351130658,572461264,'152671603'),
(95,'André Rocha','1988-10-16',80230947975,282927602,'844536294'),
(96,'Vinícius Mendes','2004-06-03',63660144250,863475206,'663126503'),
(97,'Mariana Martins','1982-08-10',18113722357,522354653,'186739406'),
(98,'Camila Pereira','1988-12-19',86568909144,538550653,'883356216'),
(99,'Larissa Pereira','1986-05-07',17679318089,418021561,'178578971'),
(100,'Isabela Oliveira','1996-06-08',44980117571,235963452,'449801176');

-- Adicione mais linhas conforme necessário

-- Inserindo dados fictícios na tabela Teacher
INSERT INTO Teacher (IdUser, EntryHour, ExitHour)
VALUES
(1, '08:00:00', '16:00:00'),
(2, '09:00:00', '17:00:00'),
(5,'08:00:00','18:00:00'),
(6,'08:00:00','18:00:00'),
(7,'08:00:00','18:00:00'),
(8,'08:00:00','18:00:00'),
(9,'08:00:00','18:00:00'),
(10,'08:00:00','18:00:00'),
(11,'08:00:00','18:00:00'),
(12,'08:00:00','18:00:00'),
(13,'08:00:00','18:00:00'),
(14,'08:00:00','18:00:00'),
(15,'08:00:00','18:00:00'),
(16,'08:00:00','18:00:00'),
(17,'08:00:00','18:00:00'),
(18,'08:00:00','18:00:00'),
(19,'08:00:00','18:00:00'),
(20,'08:00:00','18:00:00'),
(21,'08:00:00','18:00:00'),
(22,'08:00:00','18:00:00'),
(23,'08:00:00','18:00:00'),
(24,'08:00:00','18:00:00'),
(25,'08:00:00','18:00:00'),
(26,'08:00:00','18:00:00'),
(27,'08:00:00','18:00:00'),
(28,'08:00:00','18:00:00'),
(29,'08:00:00','18:00:00'),
(30,'08:00:00','18:00:00'),
(31,'08:00:00','18:00:00'),
(32,'08:00:00','18:00:00'),
(33,'08:00:00','18:00:00'),
(34,'08:00:00','18:00:00'),
(35,'08:00:00','18:00:00'),
(36,'08:00:00','18:00:00'),
(37,'08:00:00','18:00:00'),
(38,'08:00:00','18:00:00'),
(39,'08:00:00','18:00:00'),
(40,'08:00:00','18:00:00'),
(41,'08:00:00','18:00:00'),
(42,'08:00:00','18:00:00'),
(43,'08:00:00','18:00:00'),
(44,'08:00:00','18:00:00'),
(45,'08:00:00','18:00:00'),
(46,'08:00:00','18:00:00'),
(47,'08:00:00','18:00:00'),
(48,'08:00:00','18:00:00'),
(49,'08:00:00','18:00:00'),
(50,'08:00:00','18:00:00');


-- Adicione mais linhas conforme necessário

INSERT INTO Student (IdUser, PhoneNumber, State, City, Neighbourdhood, RegistrationDate, MedicalData)
VALUES
(3, 9876543210, 'CA', 'Los Angeles', 'Downtown', '2022-01-10', 'No medical conditions'),
(4, 8765432109, 'NY', 'New York', 'Midtown', '2022-02-15', 'Allergic to pollen'),
(51,4499676151,'NY','New York','Midtown','2022-01-10','no medical conditions'),
(52,4517588345,'NY','New York','Midtown','2022-01-10','no medical conditions'),
(53,6351586322,'NY','New York','Midtown','2022-01-10','no medical conditions'),
(54,9179072365,'NY','New York','Midtown','2022-01-10','no medical conditions'),
(55,1933157552,'NY','New York','Midtown','2022-01-10','no medical conditions'),
(56,1448253684,'NY','New York','Midtown','2022-01-10','no medical conditions'),
(57,4003034024,'NY','New York','Midtown','2022-01-10','no medical conditions'),
(58,2362626463,'NY','New York','Midtown','2022-01-10','no medical conditions'),
(59,7133001346,'NY','New York','Midtown','2022-01-10','no medical conditions'),
(60,4858592224,'NY','New York','Midtown','2022-01-10','no medical conditions'),
(61,8322503914,'NY','New York','Midtown','2022-01-10','no medical conditions'),
(62,1672646812,'NY','New York','Midtown','2022-01-10','no medical conditions'),
(63,3136223898,'NY','New York','Midtown','2022-01-10','no medical conditions'),
(64,2807231260,'NY','New York','Midtown','2022-01-10','no medical conditions'),
(65,7811265337,'NY','New York','Midtown','2022-01-10','no medical conditions'),
(66,1359645814,'NY','New York','Midtown','2022-01-10','no medical conditions'),
(67,4278778326,'NY','New York','Midtown','2022-01-10','no medical conditions'),
(68,3247351968,'NY','New York','Midtown','2022-01-10','no medical conditions'),
(69,4464961671,'NY','New York','Midtown','2022-01-10','no medical conditions'),
(70,2577105986,'NY','New York','Midtown','2022-01-10','no medical conditions'),
(71,6918140136,'NY','New York','Midtown','2022-01-10','no medical conditions'),
(72,2249256483,'NY','New York','Midtown','2022-01-10','no medical conditions'),
(73,2253302627,'NY','New York','Midtown','2022-01-10','no medical conditions'),
(74,1403980210,'NY','New York','Midtown','2022-01-10','no medical conditions'),
(75,8394823153,'NY','New York','Midtown','2022-01-10','no medical conditions'),
(76,8670897837,'NY','New York','Midtown','2022-01-10','no medical conditions'),
(77,7142409505,'NY','New York','Midtown','2022-01-10','no medical conditions'),
(78,7184195725,'NY','New York','Midtown','2022-01-10','no medical conditions'),
(79,3201516932,'NY','New York','Midtown','2022-01-10','no medical conditions'),
(80,6325504080,'NY','New York','Midtown','2022-01-10','no medical conditions'),
(81,8403350938,'NY','New York','Midtown','2022-01-10','no medical conditions'),
(82,2352443959,'NY','New York','Midtown','2022-01-10','no medical conditions'),
(83,7829383286,'NY','New York','Midtown','2022-01-10','no medical conditions'),
(84,7340608879,'NY','New York','Midtown','2022-01-10','no medical conditions'),
(85,1660445753,'NY','New York','Midtown','2022-01-10','no medical conditions'),
(86,4600625865,'NY','New York','Midtown','2022-01-10','no medical conditions'),
(87,5130018711,'NY','New York','Midtown','2022-01-10','no medical conditions'),
(88,2979465375,'NY','New York','Midtown','2022-01-10','no medical conditions'),
(89,8789546325,'NY','New York','Midtown','2022-01-10','no medical conditions'),
(90,7881015551,'NY','New York','Midtown','2022-01-10','no medical conditions'),
(91,5929665296,'NY','New York','Midtown','2022-01-10','no medical conditions'),
(92,5294777444,'NY','New York','Midtown','2022-01-10','no medical conditions'),
(93,4280448702,'NY','New York','Midtown','2022-01-10','no medical conditions'),
(94,6370636518,'NY','New York','Midtown','2022-01-10','no medical conditions'),
(95,6884182589,'NY','New York','Midtown','2022-01-10','no medical conditions'),
(96,8922608119,'NY','New York','Midtown','2022-01-10','no medical conditions'),
(97,8940757212,'NY','New York','Midtown','2022-01-10','no medical conditions'),
(98,2238944890,'NY','New York','Midtown','2022-01-10','no medical conditions'),
(99,3884900459,'NY','New York','Midtown','2022-01-10','no medical conditions'),
(100,8208033525,'NY','New York','Midtown','2022-01-10','no medical conditions');


-- Inserindo dados fictícios na tabela Exercise
INSERT INTO Exercise (IdUser, ExerciseName, SerNum, RepNum, WeightExercise)
VALUES
(3, 'Jogging', 3, 10, 20.0),
(4, 'Weightlifting', 4, 12, 20.0);
-- Adicione mais linhas conforme necessário

-- Inserindo dados fictícios na tabela Measurements
INSERT INTO Measurements (IdUser, MeasDate, Weight, Height, HighWaist, LowWaist, Bust, Biceps, Thigh)
VALUES
(3, '2022-03-01', 70.5, 175, 80, 70, 95, 30, 55),
(4, '2022-03-01', 65.2, 162, 75, 65, 88, 28, 50);
-- Adicione mais linhas conforme necessário

-- Inserindo dados fictícios na tabela Class
INSERT INTO Class (IdUser, ClassName, ClassDate, ClassDescription, StudentsMax)
VALUES
(1, 'Yoga Class', '2022-04-05 14:30:00', 'Relaxation and flexibility exercises', 15),
(2, 'High-Intensity Training', '2022-04-10 15:30:00', 'Intense workout for strength and endurance', 20);
-- Adicione mais linhas conforme necessário

-- Inserindo dados fictícios na tabela Goal
INSERT INTO Goal (IdUser, CardioMin, GoalWeight, GoalDate, FinalDate, LeanMassPct, FatPct)
VALUES
(3, 30, 65.0, '2022-05-01', '2022-07-01', 20.0, 15.0),
(4, 20, 60.0, '2022-05-01', '2022-08-01', 18.0, 12.0);
-- Adicione mais linhas conforme necessário

-- Inserindo dados fictícios na tabela Card
INSERT INTO Card (IdUser, ValidityDate, CardHolderName, CardNum, CVV, CardType)
VALUES
(3, '2023-12-31', 'John Doe', 1234567890123456, 123, 'Visa'),
(4, '2023-12-31', 'Jane Smith', 9876543210987654, 456, 'MasterCard');
-- Adicione mais linhas conforme necessário

-- Inserindo dados fictícios na tabela Take
INSERT INTO Take (IdStudent, IdClass, IdTeacher)
VALUES
(3, 1, 1),
(4, 2, 2);

-- Inserindo dados fictícios na tabela Request
INSERT INTO Request (IdUser, RequestDate, RequestDescription, RequestClosed)
VALUES
(3, '2022-03-01', 'Descrição da primeira requisição', false),
(4, '2022-03-01', 'Descrição da segunda requisição', false);