CPF,Senha
32364696210,JrtJbuCi
57021813329,4Y7WONNI
29770946513,raadlImw
32496516670,7z9iHUA9
43566721349,BQNu9p65
12827272152,mgBP8IBt
69265485317,1JFJZuUl
58121496485,Bn3TAfNd
67254616745,OJ7qGG3W
22949457372,U66ZUXfT
88829160151,tzm7ohgI
67950986363,JwBVB8fL
53870141891,zPDcHzbW
17915702397,KJAIvWau
88361385680,hUVQYi1M
99634687207,7RkHWPDh
07587196234,lXSgiHMl
32041404722,X1y8YAZl
58491810580,FduHtepA
22939040059,HnNZwTg2
13079958048,gKgQprTS
05443006417,0E4ajuGf
64925098394,JEWJfdS0
54552135327,KO9dKLDd
58050066669,mzITb8Sm
79520732961,DkuQD2og
79982252363,GZ5ofP9w
42827106917,o6xfwDIE
00274712185,oASTIZPJ
73441522984,waHIk3mS
41500457341,67CASXox
04382084625,2tYPVHoK
35706599453,r5u5Ke0S
36303002085,vpQtfwBs
84635015748,22iyqzw6
40903902965,ELnApzHz
24965954168,dST4C7OD
91021809436,5ChHmqB7
79666453423,UupNDUxG
17925868954,ghfTO7a8
47011947197,07DNVwoZ
18634525872,sCFDmh33
18658075057,wD50Cj5N
91126815816,NKNCWu5R
76141163491,31Oed6t2
80639533843,zvldhXJ9
02841323677,r5dd6cUS
84373792672,mjGkgjOO
51853917410,sz77KCk5
12336014691,WwuTdUWE
68010301912,1UcIhvZS
07082149900,KBcDsXI0
61925483637,leqz8qga
22625877701,7wOHapJi
34152361303,yisEKqMK
22422735977,Fg5urtGC
53354382436,b5cYRwwu
04555245430,kHlHhLx9
38027405954,NED54WOX
41064090012,FnZFmwot
62853536288,wgkpH1kb
03325618929,tGTHN0ud
67342455858,d0gsfe0f
64676190656,S7LafTbK
28131121466,EX3UTTmU
39326356399,gzQYprFv
98420687403,JLMUdSbr
52325948158,kT0L4VTH
97081967091,I2fQCYn4
38458136747,5z6pa5OB
13615907801,IEhkdqrk
10332753443,SC6eA8s0
16989049879,pUEmCz1h
63004945287,qXkHD4Ny
74876946157,oiCf7cpg
08086711959,175Jsco3
28430578318,9rEVDY66
82069051795,iMrnp0cw
40499049352,sK4LzI3S
85690504795,ac3Tx2x4
01450604908,vt37gfzp
30955177543,2VetEM1V
27702986271,g44ZgyBf
32390403786,nViIW32k
63803344701,yXhFkKjJ
93565564252,VeReYmn7
61213569265,r2fRFZAt
12433839487,v9QUkgE9
51827876541,2QbgexY4
46676981516,5dnH6xXp
62246328415,dzbs7Ptg
67651728990,XY2Nn5rK
54613926320,Z66Ce8g1
28958546652,RdRLYHpc
55597824288,ilBnwliQ
03239902245,XP6a1kyq
60381425331,QgJCNCCs
51789721798,3Kyb1nww
60960621861,88hmYcBi
36648982592,7jaH8yaM
